city,countries,lat_lngs,lat,long,temp,max_temp,humidity,wind_speed,clouds
mataura,PF,"(-84.15719227970935, -158.1656918138079)",-84.15719227970935,-158.1656918138079,57.02,57.02,47,7.67,34
heihe,CN,"(50.59119042704734, 126.85828702042306)",50.59119042704734,126.85828702042306,62.6,62.6,88,13.42,40
port elizabeth,ZA,"(-89.15485981491796, 34.65092290242765)",-89.15485981491796,34.65092290242765,73.35,73.35,52,2.37,99
micheweni,TZ,"(-5.2445735160357, 41.75967388380866)",-5.2445735160357,41.75967388380866,76.39,76.39,74,7.81,19
houma,US,"(28.03013570577255, -90.47056875082696)",28.03013570577255,-90.47056875082696,77.52,78.01,83,4.7,1
ushuaia,AR,"(-74.55250930587387, -54.39573801207965)",-74.55250930587387,-54.39573801207965,39.2,39.2,84,10.29,20
kyaikto,MM,"(17.509747397458355, 96.94211181789518)",17.509747397458355,96.94211181789518,83.97,83.97,81,5.84,95
vila franca do campo,PT,"(41.81530678918347, -21.311534420798864)",41.81530678918347,-21.311534420798864,61.99,70,72,5.82,40
sorong,ID,"(-1.3583845434690147, 131.5363157390977)",-1.3583845434690147,131.5363157390977,84.99,84.99,75,6.42,96
agirish,RU,"(63.558172246907475, 62.76696687625849)",63.558172246907475,62.76696687625849,54.97,54.97,69,6.26,95
klaksvik,FO,"(80.6958488859909, -4.960359498750478)",80.6958488859909,-4.960359498750478,51.8,51.8,87,29.97,68
cape town,ZA,"(-76.04743632009139, -12.811349814632933)",-76.04743632009139,-12.811349814632933,46.4,46.4,100,4.7,95
kodiak,US,"(46.03774991255048, -160.7696881824612)",46.03774991255048,-160.7696881824612,57.2,57.2,62,11.41,1
rikitea,PF,"(-45.37345031256914, -130.4928752836081)",-45.37345031256914,-130.4928752836081,72.61,72.61,85,11.03,0
krasnogvardeyets,RU,"(52.552539990822055, 52.35639066633172)",52.552539990822055,52.35639066633172,65.17,65.17,39,3.91,0
marawi,SD,"(21.323336515436253, 25.408769908695035)",21.323336515436253,25.408769908695035,86,86,79,8.01,26
punta arenas,CL,"(-81.78610456676203, -97.23054431909264)",-81.78610456676203,-97.23054431909264,89.49,89.49,59,6.62,17
atuona,PF,"(-10.509003704451871, -129.31377154774557)",-10.509003704451871,-129.31377154774557,78.73,78.73,75,23.22,68
kontagora,NG,"(11.180055656588777, 5.676707221223921)",11.180055656588777,5.676707221223921,71.44,71.44,97,0.81,100
hithadhoo,MV,"(-4.433828792930385, 70.44333279229022)",-4.433828792930385,70.44333279229022,82.71,82.71,76,10.25,93
lebu,CL,"(-34.26393504449883, -104.34856626385779)",-34.26393504449883,-104.34856626385779,48.87,48.87,90,13.4,100
sargatskoye,RU,"(55.87996785421913, 73.83772372417067)",55.87996785421913,73.83772372417067,51.33,51.33,78,9.84,29
faanui,PF,"(-13.419904042410494, -153.15230307547668)",-13.419904042410494,-153.15230307547668,78.01,78.01,76,12.21,1
saint-philippe,RE,"(-56.655517169216985, 71.75739930737032)",-56.655517169216985,71.75739930737032,69.71,73.4,78,3.36,40
zhigansk,RU,"(71.90038863349179, 121.18717941626568)",71.90038863349179,121.18717941626568,51.89,51.89,56,9.17,0
hobart,AU,"(-62.61766008894871, 154.42061865559265)",-62.61766008894871,154.42061865559265,58.26,62.6,51,14.99,20
bumba,CD,"(1.5447224512518716, 22.69480537589442)",1.5447224512518716,22.69480537589442,71.73,71.73,95,1.14,97
east london,ZA,"(-80.01626150262311, 55.4448832261925)",-80.01626150262311,55.4448832261925,41,41,75,8.05,75
grindavik,IS,"(57.180268063761275, -25.345046854584695)",57.180268063761275,-25.345046854584695,44.6,44.6,100,3.36,90
victoria,SC,"(-5.460322383758893, 61.724961946535274)",-5.460322383758893,61.724961946535274,78.8,78.8,94,5.82,40
bochil,MX,"(16.94849899444428, -92.94357755297278)",16.94849899444428,-92.94357755297278,69.8,69.8,94,16.11,90
hay river,CA,"(59.82321322810151, -113.95093726198613)",59.82321322810151,-113.95093726198613,61,61,93,5.39,99
pisco,PE,"(-27.676655236035167, -93.9521319461577)",-27.676655236035167,-93.9521319461577,57.54,57.99,82,2.24,5
srednekolymsk,RU,"(65.92593421286347, 154.41414899359796)",65.92593421286347,154.41414899359796,49.53,49.53,50,14.29,24
bredasdorp,ZA,"(-82.89652244624519, 23.609797962557934)",-82.89652244624519,23.609797962557934,51.8,51.8,93,3.36,0
sire,ET,"(8.380999070574987, 39.528858751938884)",8.380999070574987,39.528858751938884,74.17,74.17,85,4.99,83
astana,KZ,"(50.272384062086076, 69.92485681327881)",50.272384062086076,69.92485681327881,46.4,46.4,81,6.71,90
bluff,NZ,"(-87.99131742495783, 153.6899979898103)",-87.99131742495783,153.6899979898103,54.52,54.52,70,10.02,38
albany,AU,"(-48.89862444535538, 119.81482354971848)",-48.89862444535538,119.81482354971848,66.63,69.01,70,5.93,96
lensk,RU,"(60.072596503898836, 114.39026813374312)",60.072596503898836,114.39026813374312,62.65,62.65,61,9.28,77
nikolayevsk-na-amure,RU,"(54.085852085488284, 141.15825312147558)",54.085852085488284,141.15825312147558,67.37,67.37,57,2.17,100
busselton,AU,"(-34.64234417662789, 108.54355084939249)",-34.64234417662789,108.54355084939249,62.1,64,68,8.01,85
hilo,US,"(8.139672352962194, -157.56092438162128)",8.139672352962194,-157.56092438162128,72.39,80.6,69,8.05,1
clyde river,CA,"(69.0424175048928, -76.59312278551609)",69.0424175048928,-76.59312278551609,68.34,69.01,94,3.76,99
yellowknife,CA,"(82.21733022263152, -102.18827549984002)",82.21733022263152,-102.18827549984002,50.49,51.8,66,18.34,75
port shepstone,ZA,"(-33.143692946407896, 33.95312365924818)",-33.143692946407896,33.95312365924818,73.35,73.35,52,2.37,99
iquique,CL,"(-19.91572869617987, -69.62442654984166)",-19.91572869617987,-69.62442654984166,59,59,77,3.36,90
port blair,IN,"(9.114854397346022, 92.69543486953836)",9.114854397346022,92.69543486953836,73.35,73.35,52,2.37,99
itarema,BR,"(0.8728495629033262, -39.4937088161233)",0.8728495629033262,-39.4937088161233,78.62,78.62,78,16.8,49
kapaa,US,"(11.595451075119882, -172.3389486821096)",11.595451075119882,-172.3389486821096,79.81,82.4,74,11.41,75
cajaruro,PE,"(-5.915100396148574, -78.1727534613365)",-5.915100396148574,-78.1727534613365,74.7,74.7,65,2.24,41
san andres,CO,"(13.078278132355294, -81.40329313811745)",13.078278132355294,-81.40329313811745,73.58,73.58,93,1.45,45
port hawkesbury,CA,"(43.69317071536747, -61.58151184209163)",43.69317071536747,-61.58151184209163,73.35,73.35,52,2.37,99
portland,AU,"(-47.247571860791915, 137.91471458287663)",-47.247571860791915,137.91471458287663,74.14,75.99,29,5.01,39
bouca,CF,"(6.770102345887167, 18.220322699807497)",6.770102345887167,18.220322699807497,69.35,69.35,97,0.87,100
jinchang,CN,"(37.79534242842759, 101.20557784620155)",37.79534242842759,101.20557784620155,69.12,69.12,37,16.33,100
upernavik,GL,"(84.61932244600766, -57.0869235688498)",84.61932244600766,-57.0869235688498,36.81,36.81,79,5.7,100
lompoc,US,"(29.582663652990462, -122.75330080351699)",29.582663652990462,-122.75330080351699,63.3,64.99,82,5.19,1
horta,PT,"(36.883207812887065, -27.878602777842048)",36.883207812887065,-27.878602777842048,69.8,69.8,81,12.71,5
mys shmidta,RU,"(84.7103911327309, -170.10848270533955)",84.7103911327309,-170.10848270533955,59.67,59.67,92,1.81,100
khandyga,RU,"(64.36517433267596, 135.08385986433586)",64.36517433267596,135.08385986433586,57.87,57.87,52,3.62,0
nsanje,MW,"(-17.375031558806512, 34.101636315750824)",-17.375031558806512,34.101636315750824,65.97,65.97,72,3.06,3
hami,CN,"(41.314977353020936, 91.70203057111502)",41.314977353020936,91.70203057111502,79.43,79.43,26,7,17
thompson,CA,"(63.87090459066994, -92.46053927963487)",63.87090459066994,-92.46053927963487,37.4,37.4,82,5.82,75
tromso,NO,"(72.24793907155279, 18.345459355791036)",72.24793907155279,18.345459355791036,51.8,51.8,71,35.57,75
narsaq,GL,"(84.47904471631736, -60.058255073324545)",84.47904471631736,-60.058255073324545,39.2,39.2,70,2.24,17
georgetown,SH,"(-11.23456263017978, -12.736225085253494)",-11.23456263017978,-12.736225085253494,88.45,89.6,62,9.17,20
qaanaaq,GL,"(85.17446552979229, -80.22419434108845)",85.17446552979229,-80.22419434108845,21.16,21.16,81,10.92,100
vao,NC,"(-24.187818110504722, 167.05897191473503)",-24.187818110504722,167.05897191473503,68.18,68.18,79,23.85,76
ilulissat,GL,"(70.90731329440132, -49.920614210063064)",70.90731329440132,-49.920614210063064,35.6,35.6,80,11.41,56
antalaha,MG,"(-15.292286576961757, 50.65971829425001)",-15.292286576961757,50.65971829425001,72.84,72.84,75,7.56,57
belyy yar,RU,"(58.646598627647506, 85.79368256198165)",58.646598627647506,85.79368256198165,51.73,51.73,95,6.64,100
mount isa,AU,"(-24.244478186747386, 141.66774034750136)",-24.244478186747386,141.66774034750136,60.01,61,98,4,100
veseloyarsk,RU,"(50.90153217509979, 81.02848945450523)",50.90153217509979,81.02848945450523,53.55,53.55,57,15.95,38
aklavik,CA,"(67.17190651679482, -134.63009219128338)",67.17190651679482,-134.63009219128338,46.4,46.4,87,6.93,75
avarua,CK,"(-63.25028554239334, -164.27667726431153)",-63.25028554239334,-164.27667726431153,73.4,73.4,73,12.75,37
mahebourg,MU,"(-53.2207551839559, 80.09718739346107)",-53.2207551839559,80.09718739346107,71.6,71.6,100,10.29,75
touros,BR,"(-1.8281464662005789, -27.06424246001572)",-1.8281464662005789,-27.06424246001572,69.8,69.8,94,3.36,40
new norfolk,AU,"(-45.25722704265532, 142.800687230729)",-45.25722704265532,142.800687230729,71.74,71.74,96,2.82,72
tarko-sale,RU,"(63.469532204380556, 78.79045777554211)",63.469532204380556,78.79045777554211,50,50,92,3.89,100
yar-sale,RU,"(66.00326870870987, 69.76274443619832)",66.00326870870987,69.76274443619832,51.19,51.19,69,14.2,100
noumea,NC,"(-30.69767370349014, 163.63014301807323)",-30.69767370349014,163.63014301807323,71.6,71.6,64,23.04,90
kahului,US,"(36.823431842559756, -148.66268019986472)",36.823431842559756,-148.66268019986472,75.9,80.6,69,12.75,20
namibe,AO,"(-20.262512288160423, 5.817204215296584)",-20.262512288160423,5.817204215296584,65.73,65.73,89,4.09,1
cidreira,BR,"(-38.28506342635454, -38.98959990440298)",-38.28506342635454,-38.98959990440298,58.6,58.6,92,17.56,100
saint-max,FR,"(48.79220273935917, 6.340622470491041)",48.79220273935917,6.340622470491041,45.75,48.2,93,2.24,1
marienburg,SR,"(6.366487253965914, -54.941270808634215)",6.366487253965914,-54.941270808634215,49.01,50,100,10.85,69
camapua,BR,"(-18.599178316414054, -53.596520837122554)",-18.599178316414054,-53.596520837122554,73.78,73.78,37,6.6,26
coihaique,CL,"(-51.35451286524899, -85.5666275226841)",-51.35451286524899,-85.5666275226841,42.8,42.8,93,3.53,90
roswell,US,"(33.97044795153725, -104.78644365985707)",33.97044795153725,-104.78644365985707,67.44,69.8,68,3.36,1
wazirganj,IN,"(28.269520324404226, 79.03290534814221)",28.269520324404226,79.03290534814221,91.45,91.45,57,3.62,1
ocos,GT,"(13.737708241240284, -92.87576354995835)",13.737708241240284,-92.87576354995835,66.04,66.99,96,5.66,96
shimoda,JP,"(28.899165657607327, 140.19525090610296)",28.899165657607327,140.19525090610296,84.2,84.2,83,13.87,40
kemijarvi,FI,"(66.82407924925144, 27.172388957757875)",66.82407924925144,27.172388957757875,45.86,45.86,90,7.52,74
zavodoukovsk,RU,"(56.53507392675098, 66.53324243300312)",56.53507392675098,66.53324243300312,52.36,52.36,66,4.97,37
hermanus,ZA,"(-54.39440934555756, 14.688512170279779)",-54.39440934555756,14.688512170279779,51.01,51.01,92,5.01,0
tuktoyaktuk,CA,"(75.36042236863139, -136.5359518153951)",75.36042236863139,-136.5359518153951,42.8,42.8,93,18.34,90
vaini,TO,"(-26.03513045700226, -175.81250601391548)",-26.03513045700226,-175.81250601391548,75.2,75.2,78,10.29,75
cayenne,GF,"(12.75963068406503, -45.63436694382381)",12.75963068406503,-45.63436694382381,78.8,78.8,100,9.62,13
george town,KY,"(17.326484071048625, -81.70359404710926)",17.326484071048625,-81.70359404710926,57.2,57.2,82,4.7,0
butaritari,KI,"(12.167894721174548, 159.28685511555477)",12.167894721174548,159.28685511555477,82.22,82.22,73,4.41,43
tupelo,US,"(34.32323645180281, -88.52861584639187)",34.32323645180281,-88.52861584639187,74.73,77,69,5.82,1
otane,NZ,"(-39.804289981399585, 176.5633569083543)",-39.804289981399585,176.5633569083543,55.99,55.99,65,1.01,0
boyolangu,ID,"(-13.798202071057176, 111.3119863852254)",-13.798202071057176,111.3119863852254,83.62,83.62,61,10.76,79
constitucion,MX,"(21.28928940907896, -115.34086308162)",21.28928940907896,-115.34086308162,48.81,48.81,83,3.13,99
havelock,US,"(31.31111248483468, -73.49880696024407)",31.31111248483468,-73.49880696024407,74.44,75.99,88,9.17,1
jamestown,SH,"(-11.28101625405715, -9.176059187408185)",-11.28101625405715,-9.176059187408185,62.38,63,93,4.74,75
pasni,PK,"(22.73622866311611, 63.23984905051401)",22.73622866311611,63.23984905051401,84.65,84.65,71,10.67,0
awbari,LY,"(25.471105516103577, 12.006118101579546)",25.471105516103577,12.006118101579546,78.19,78.19,23,10.49,0
arraial do cabo,BR,"(-24.033601452979312, -40.60280760512967)",-24.033601452979312,-40.60280760512967,66.2,66.2,82,10.29,68
gizo,SB,"(-9.98598391008069, 156.99368203645804)",-9.98598391008069,156.99368203645804,83.59,83.59,74,8.37,36
camacha,PT,"(38.31428450909502, -19.129638601035538)",38.31428450909502,-19.129638601035538,71.6,71.6,83,13.87,40
codrington,AG,"(17.50193032206529, -61.268579296487644)",17.50193032206529,-61.268579296487644,59,59,69,16.04,19
demba,CD,"(-5.69002574682645, 22.277036952454665)",-5.69002574682645,22.277036952454665,71.73,71.73,70,2.89,56
bandarbeyla,SO,"(7.561750057855534, 58.746101915987964)",7.561750057855534,58.746101915987964,79.14,79.14,66,25.3,91
vestmanna,FO,"(63.68882784120183, -7.411433236071645)",63.68882784120183,-7.411433236071645,51.8,51.8,87,29.97,92
puerto ayora,EC,"(0.9044591373050821, -105.04826183452225)",0.9044591373050821,-105.04826183452225,73.6,73.99,78,11.41,0
alekseyevka,RU,"(52.12588168021105, 48.30661385881035)",52.12588168021105,48.30661385881035,65.59,65.59,40,5.95,4
tasiilaq,GL,"(62.11886236581776, -38.73841902296945)",62.11886236581776,-38.73841902296945,32,32,82,8.12,10
magistralnyy,RU,"(55.246463453790994, 108.06646760187829)",55.246463453790994,108.06646760187829,72.07,72.07,44,6.6,84
carnarvon,AU,"(-25.00291238187478, 111.87479254855293)",-25.00291238187478,111.87479254855293,69.8,69.8,68,14.99,95
bur gabo,SO,"(-5.386501510082695, 47.40502065503006)",-5.386501510082695,47.40502065503006,60.01,60.01,96,13.98,100
ribeira grande,PT,"(43.58823708110262, -32.19732957269264)",43.58823708110262,-32.19732957269264,55.87,62.01,82,6.93,59
myanaung,MM,"(18.161023933228705, 94.33568743417914)",18.161023933228705,94.33568743417914,89.11,89.11,68,5.35,76
celestun,MX,"(22.90164129510255, -92.7539861415454)",22.90164129510255,-92.7539861415454,80.08,80.08,82,9.6,27
petropavlovka,RU,"(50.31556467992843, 40.88271259229566)",50.31556467992843,40.88271259229566,70.36,70.36,54,1.72,40
labuhan,ID,"(-12.972062323973788, 98.85269150474903)",-12.972062323973788,98.85269150474903,89.44,89.44,50,8.25,8
guaira,BR,"(-24.041829675303546, -54.29365986565864)",-24.041829675303546,-54.29365986565864,69.76,69.76,32,5.03,28
tautira,PF,"(-20.76250322002231, -144.393331918417)",-20.76250322002231,-144.393331918417,78.4,78.8,74,11.41,20
riverton,NZ,"(-49.49882348779063, 165.7785330349315)",-49.49882348779063,165.7785330349315,68.63,71.01,35,27.51,1
singaparna,ID,"(-8.628007124200437, 107.69600536285549)",-8.628007124200437,107.69600536285549,83.37,83.37,59,5.44,70
wangou,CN,"(42.44246781481232, 126.95262863240606)",42.44246781481232,126.95262863240606,54.37,54.37,96,14.54,100
valparaiso,CL,"(-31.557049560886014, -74.60274300699865)",-31.557049560886014,-74.60274300699865,44.6,44.6,100,2.24,16
mapiripan,CO,"(2.666596310625053, -71.70226383634436)",2.666596310625053,-71.70226383634436,74.59,74.59,85,0.96,87
chuy,UY,"(-54.451817477052494, -31.83388257594467)",-54.451817477052494,-31.83388257594467,52.38,52.38,86,6.49,37
taltal,CL,"(-26.146789802264557, -75.1067724751189)",-26.146789802264557,-75.1067724751189,53.51,53.51,80,4.16,30
nikolskoye,RU,"(42.0390602691547, 168.39534766933457)",42.0390602691547,168.39534766933457,49.64,52,87,3.47,40
longyearbyen,SJ,"(77.83722020721325, 16.511558357955778)",77.83722020721325,16.511558357955778,33.8,33.8,83,8.05,20
trairi,BR,"(0.5861405167798495, -37.27140277707474)",0.5861405167798495,-37.27140277707474,78.84,78.84,76,14.79,62
pemba,MZ,"(-11.6891076751251, 41.037426061915085)",-11.6891076751251,41.037426061915085,66.09,66.2,93,9.17,20
japura,BR,"(-0.8969049228561232, -68.45096725801623)",-0.8969049228561232,-68.45096725801623,90.25,90.25,53,5.59,71
dikson,RU,"(86.87232384501024, 90.39580940422394)",86.87232384501024,90.39580940422394,43.81,43.81,73,26.35,100
ndele,CF,"(8.983069149600595, 21.574995716565724)",8.983069149600595,21.574995716565724,69.08,69.08,97,2.21,77
mitsamiouli,KM,"(-7.918742876602167, 44.20820839968215)",-7.918742876602167,44.20820839968215,69.8,69.8,60,4.7,20
maneadero,MX,"(29.509116457534248, -119.52804855348822)",29.509116457534248,-119.52804855348822,72,72,91,1.99,0
barrow,US,"(65.0967463234748, -156.6666091565186)",65.0967463234748,-156.6666091565186,36.07,36.07,84,15.03,100
itoman,JP,"(20.54489863837864, 129.7891877093)",20.54489863837864,129.7891877093,84.85,86,74,10.29,20
nanortalik,GL,"(57.15613626250527, -40.54233226194086)",57.15613626250527,-40.54233226194086,40.8,40.8,81,21.52,0
anadyr,RU,"(59.02600681546238, 173.640628490364)",59.02600681546238,173.640628490364,53.28,53.6,50,4.47,20
saint-pierre,RE,"(-24.906250118116333, 53.71756338620196)",-24.906250118116333,53.71756338620196,70.43,73.4,78,3.36,25
kavieng,PG,"(15.145905512300516, 155.41034772505134)",15.145905512300516,155.41034772505134,84.94,84.94,73,11.03,11
chokurdakh,RU,"(84.28496264580147, 156.0870654571318)",84.28496264580147,156.0870654571318,42.42,42.42,91,10.76,100
mukhen,RU,"(48.13818804166732, 137.1707469436824)",48.13818804166732,137.1707469436824,79.09,79.09,56,11.25,100
naze,JP,"(29.602948271955185, 130.85468534438075)",29.602948271955185,130.85468534438075,86.88,87.8,74,9.17,20
bela cruz,BR,"(-3.0010085951018226, -40.289316366614855)",-3.0010085951018226,-40.289316366614855,92.84,92.84,57,7.09,95
balotra,IN,"(25.64515406348127, 71.85912376640255)",25.64515406348127,71.85912376640255,90.55,90.55,56,8.93,0
san cristobal,EC,"(-10.88458643923272, -91.21353626432625)",-10.88458643923272,-91.21353626432625,73.58,73.58,93,1.45,45
iqaluit,CA,"(59.53005348440689, -69.7141848191567)",59.53005348440689,-69.7141848191567,35.29,35.6,93,5.82,75
pangkalanbuun,ID,"(-4.531477240638495, 111.19261066753313)",-4.531477240638495,111.19261066753313,85.26,85.26,74,5.32,81
okmulgee,US,"(35.00720583841418, -95.72215928879599)",35.00720583841418,-95.72215928879599,77,77,94,8.05,1
port lincoln,AU,"(-37.763311195541064, 133.87282629421327)",-37.763311195541064,133.87282629421327,73.35,73.35,52,2.37,99
mount gambier,AU,"(-53.91690191445218, 127.9118858654997)",-53.91690191445218,127.9118858654997,60.01,61,98,4,100
port alfred,ZA,"(-72.59847479570487, 43.09432163168856)",-72.59847479570487,43.09432163168856,73.35,73.35,52,2.37,99
hambantota,LK,"(0.056051520049578585, 86.58638723478481)",0.056051520049578585,86.58638723478481,87.8,87.8,74,8.05,75
norman wells,CA,"(65.05383259757673, -121.30291777599835)",65.05383259757673,-121.30291777599835,78.58,79,69,13.87,1
pangnirtung,CA,"(63.63292918435795, -59.73900912340882)",63.63292918435795,-59.73900912340882,36.21,36.21,80,1.61,12
sao filipe,CV,"(11.34462939767424, -29.778417915326855)",11.34462939767424,-29.778417915326855,83.01,83.01,71,6.85,47
abu kamal,SY,"(34.91785588785095, 41.12793723959243)",34.91785588785095,41.12793723959243,76.77,76.77,77,5.37,0
sitka,US,"(54.47081728568176, -134.6502306758211)",54.47081728568176,-134.6502306758211,57.2,57.2,93,3.36,90
kiunga,PG,"(-4.6909980652631305, 140.13972726100093)",-4.6909980652631305,140.13972726100093,87.84,87.84,67,3.33,85
tual,ID,"(-5.5954841805538535, 133.92788140331947)",-5.5954841805538535,133.92788140331947,80.67,80.67,82,21.9,68
okhotsk,RU,"(60.555642094342716, 140.7130377891702)",60.555642094342716,140.7130377891702,63.21,63.21,49,7.43,3
pevek,RU,"(76.7109271521563, 169.84383182131626)",76.7109271521563,169.84383182131626,42.8,42.8,79,1.61,30
tocopilla,CL,"(-22.261661055829308, -72.23446676875473)",-22.261661055829308,-72.23446676875473,57.42,57.42,66,1.36,51
labrea,BR,"(-8.13481742722044, -65.12280608836815)",-8.13481742722044,-65.12280608836815,76.46,76.46,35,2.3,82
lazaro cardenas,MX,"(7.158040235888734, -108.04190107549195)",7.158040235888734,-108.04190107549195,78.01,78.01,84,1.01,63
kayerkan,RU,"(71.99233070638783, 87.36568660862304)",71.99233070638783,87.36568660862304,51.8,51.8,76,6.71,0
juba,SD,"(4.468848797135152, 31.621062531875793)",4.468848797135152,31.621062531875793,68.97,68.97,91,4.09,75
beziers,FR,"(43.32747753359169, 3.343151911859252)",43.32747753359169,3.343151911859252,60.28,64,67,5.82,4
caranavi,BO,"(-15.686759122828647, -67.39612191099458)",-15.686759122828647,-67.39612191099458,64.18,64.18,87,1.63,100
cherskiy,RU,"(76.26921117924996, 160.97487172823975)",76.26921117924996,160.97487172823975,45.41,45.41,65,15.08,30
olafsvik,IS,"(64.475721325974, -26.88898109899668)",64.475721325974,-26.88898109899668,44.89,44.89,81,15.68,100
husavik,IS,"(70.30371104892299, -14.558172667290279)",70.30371104892299,-14.558172667290279,41,41,80,11.41,90
dingle,IE,"(54.06170697873233, -17.107059151495946)",54.06170697873233,-17.107059151495946,89.26,89.26,65,6.51,84
sao jose da coroa grande,BR,"(-12.474882228006237, -25.444290799375608)",-12.474882228006237,-25.444290799375608,83.01,83.01,71,6.85,47
muroto,JP,"(31.310143837364038, 134.88743295948478)",31.310143837364038,134.88743295948478,86,86,70,11.41,20
acapulco,MX,"(6.40902847686003, -105.50188845552046)",6.40902847686003,-105.50188845552046,80.29,80.29,82,4.45,100
makakilo city,US,"(11.307128426686972, -163.20242755851189)",11.307128426686972,-163.20242755851189,83.34,84.2,58,5.82,40
severo-kurilsk,RU,"(49.98421195557057, 158.55030717336285)",49.98421195557057,158.55030717336285,52.41,52.41,91,15.3,97
pemangkat,ID,"(1.842778056774165, 109.29560555223424)",1.842778056774165,109.29560555223424,86.7,86.7,62,6.17,54
trofors,NO,"(64.94580313181575, 14.683301900239798)",64.94580313181575,14.683301900239798,50,50,87,5.99,100
saskylakh,RU,"(88.85582572160655, 117.48080958296458)",88.85582572160655,117.48080958296458,55.63,55.63,51,12.71,6
brae,GB,"(61.27415747509971, -1.8852733262215224)",61.27415747509971,-1.8852733262215224,53.6,53.6,93,23.04,100
aksay,KZ,"(50.160534124239035, 52.23867546768079)",50.160534124239035,52.23867546768079,59,59,47,6.71,0
saint-louis,RE,"(-24.004990812876088, 53.105094229345156)",-24.004990812876088,53.105094229345156,80.6,80.6,83,2.24,4
sabang,ID,"(6.165759755679829, 91.16018004800662)",6.165759755679829,91.16018004800662,83.17,83.17,76,17.43,99
sur,OM,"(18.17046011929186, 60.52611479020095)",18.17046011929186,60.52611479020095,92.41,92.41,46,3.65,58
bethel,US,"(56.837882672286696, -159.36049308902773)",56.837882672286696,-159.36049308902773,62.49,64,93,2.46,1
ponta do sol,CV,"(21.589926592457587, -25.846455418453473)",21.589926592457587,-25.846455418453473,66.99,66.99,90,16.6,39
solnechnyy,RU,"(59.62919889445209, 138.69599830635855)",59.62919889445209,138.69599830635855,57.85,57.85,94,7.25,100
talnakh,RU,"(73.63415512063753, 93.0150925651077)",73.63415512063753,93.0150925651077,51.8,51.8,76,6.71,1
pacifica,US,"(35.42986808641764, -127.90948333772288)",35.42986808641764,-127.90948333772288,64.44,72,56,11.41,40
hirara,JP,"(22.83758479804912, 126.73256428378659)",22.83758479804912,126.73256428378659,87.8,87.8,66,12.75,20
oga,JP,"(40.940903965790255, 137.95193547040583)",40.940903965790255,137.95193547040583,46.74,53.01,100,1.12,90
lewistown,US,"(47.299899055643095, -110.0091175677699)",47.299899055643095,-110.0091175677699,65.82,68,88,4.7,1
popondetta,PG,"(-8.849405730799191, 148.76423508835393)",-8.849405730799191,148.76423508835393,84.07,84.07,75,5.79,10
xining,CN,"(36.099168544114164, 98.79396834920993)",36.099168544114164,98.79396834920993,66.92,66.92,47,5.84,91
de-kastri,RU,"(50.71518460058664, 140.93400646134825)",50.71518460058664,140.93400646134825,61.48,61.48,72,4.94,100
esperance,AU,"(-29.817904544389563, 125.78005247912427)",-29.817904544389563,125.78005247912427,62.6,62.6,55,12.75,75
romny,RU,"(51.31590590492547, 129.47918543605397)",51.31590590492547,129.47918543605397,58.86,58.86,82,15.41,97
cabo san lucas,MX,"(13.24041314334292, -115.3226219812714)",13.24041314334292,-115.3226219812714,77,77,73,10.29,40
agidel,RU,"(55.85022288067276, 54.03911485109987)",55.85022288067276,54.03911485109987,61.16,61.16,63,6.38,5
luderitz,NA,"(-29.05113353770053, 1.8378288426200982)",-29.05113353770053,1.8378288426200982,63.12,63.12,53,3.94,0
mahina,PF,"(-16.531165354798503, -149.1688982025511)",-16.531165354798503,-149.1688982025511,78.4,78.8,74,11.41,20
provideniya,RU,"(64.9024746875275, -176.14485431241897)",64.9024746875275,-176.14485431241897,50,50,53,13.42,40
vardo,NO,"(76.34619961017728, 31.753693132123004)",76.34619961017728,31.753693132123004,48.2,48.2,87,2.24,0
puerto narino,CO,"(-3.8465633110319715, -70.88375956412865)",-3.8465633110319715,-70.88375956412865,73.6,73.99,78,11.41,0
palasa,IN,"(16.906305659242122, 86.26143015646602)",16.906305659242122,86.26143015646602,89.22,89.22,66,7.76,82
bathsheba,BB,"(14.81114238958898, -57.614712005012095)",14.81114238958898,-57.614712005012095,80.6,80.6,78,9.17,40
raudeberg,NO,"(65.00134933400255, 2.8682320471933167)",65.00134933400255,2.8682320471933167,52,52,94,30.4,100
kaitong,CN,"(44.16484464450528, 123.26790781058696)",44.16484464450528,123.26790781058696,61.05,61.05,88,23.44,100
cockburn harbour,TC,"(23.08903351586966, -71.35513710791821)",23.08903351586966,-71.35513710791821,87.8,87.8,14,14.99,60
shahrud,IR,"(36.59709012211184, 54.97514678395228)",36.59709012211184,54.97514678395228,79.23,79.23,18,5.39,63
tadine,NC,"(-22.43224243693406, 168.99532444784825)",-22.43224243693406,168.99532444784825,69.57,69.57,80,19.6,100
yerbogachen,RU,"(61.48617166204281, 110.011613978058)",61.48617166204281,110.011613978058,60.19,60.19,57,9.35,2
castro,CL,"(-48.92190167621072, -104.31405058025899)",-48.92190167621072,-104.31405058025899,59.67,59.67,78,2.73,49
muros,ES,"(44.03501516268423, -14.73989599714048)",44.03501516268423,-14.73989599714048,62.01,62.01,74,3,31
isangel,VU,"(-17.754940243968505, 173.78419266306753)",-17.754940243968505,173.78419266306753,73.4,73.4,88,6.93,90
rawson,AR,"(-47.39765963372168, -63.198989276165776)",-47.39765963372168,-63.198989276165776,56.86,56.86,51,20.78,79
fortuna foothills,US,"(32.32547684025981, -114.14623686021308)",32.32547684025981,-114.14623686021308,54.77,55.99,100,6.93,20
maceio,BR,"(-16.919463846886316, -25.874118402801088)",-16.919463846886316,-25.874118402801088,68,68,94,3.36,20
cabinda,AO,"(-5.367401671287695, 11.748245094033905)",-5.367401671287695,11.748245094033905,72.09,72.09,89,5.44,16
san ignacio,MX,"(23.619280690065906, -106.36383298437316)",23.619280690065906,-106.36383298437316,73.58,73.58,93,1.45,45
torbay,CA,"(37.47764837768595, -45.24255187365006)",37.47764837768595,-45.24255187365006,51.19,52,66,8.05,20
lorengau,PG,"(6.551342142760248, 145.71665915693063)",6.551342142760248,145.71665915693063,83.8,83.8,79,11.21,74
annau,TM,"(38.22394336935042, 58.84591380103254)",38.22394336935042,58.84591380103254,69.8,69.8,22,4.7,24
ardakan,IR,"(32.8916579633063, 55.000905607270425)",32.8916579633063,55.000905607270425,77,77,15,4.7,0
cam pha,VN,"(21.12632292528238, 108.11684574502948)",21.12632292528238,108.11684574502948,51.8,51.8,71,17.49,54
ordzhonikidze,UA,"(43.46190679519728, 35.86979017516691)",43.46190679519728,35.86979017516691,60.19,60.19,70,6.69,1
bowen,AU,"(-16.253500521780666, 150.56352655536284)",-16.253500521780666,150.56352655536284,71.6,71.6,83,19.46,40
brokopondo,SR,"(3.8218817900320516, -56.057208249802216)",3.8218817900320516,-56.057208249802216,76.24,76.24,87,1.74,100
hamza,UZ,"(40.1770168147236, 71.54221925820266)",40.1770168147236,71.54221925820266,73.4,73.4,16,2.24,1
arlit,NE,"(20.79895527939003, 6.7369744158637275)",20.79895527939003,6.7369744158637275,89.78,89.78,31,4.43,99
fortuna,US,"(35.35530220567843, -140.2223767176945)",35.35530220567843,-140.2223767176945,54.77,55.99,100,6.93,20
addis abeba,ET,"(9.353183198657433, 38.67015613727446)",9.353183198657433,38.67015613727446,76.77,79,78,4.7,1
koluszki,PL,"(51.71567265114567, 19.939066769355804)",51.71567265114567,19.939066769355804,45.34,46,100,1.12,43
ambovombe,MG,"(-28.685346131044795, 46.84904287630863)",-28.685346131044795,46.84904287630863,69.96,69.96,75,13.58,8
joetsu,JP,"(37.16980350747269, 138.4273468830042)",37.16980350747269,138.4273468830042,87.55,87.55,58,7.34,9
dawei,MM,"(13.509673235058628, 98.45005651093737)",13.509673235058628,98.45005651093737,86.22,86.22,74,7,100
mar del plata,AR,"(-56.82793725815897, -42.755343106432775)",-56.82793725815897,-42.755343106432775,55.92,59,87,3.36,40
sahbuz,AZ,"(39.49825477577633, 45.61171019750748)",39.49825477577633,45.61171019750748,71.6,73.4,56,4.7,0
khatanga,RU,"(83.04094067361706, 93.90926305390849)",83.04094067361706,93.90926305390849,56.41,56.41,64,11.23,0
bengkulu,ID,"(-10.609110654327935, 95.0673969162882)",-10.609110654327935,95.0673969162882,87.31,87.31,58,12.91,37
morton,US,"(40.51900981825872, -89.3757141774992)",40.51900981825872,-89.3757141774992,40.66,41,75,9.17,1
stokmarknes,NO,"(69.635481666891, 14.373062807405802)",69.635481666891,14.373062807405802,51.8,51.8,87,25.28,75
bisira,PA,"(9.324099607461548, -81.49887061217709)",9.324099607461548,-81.49887061217709,59.52,59.52,100,1.61,100
balkhash,KZ,"(47.977852795832064, 75.82003882858058)",47.977852795832064,75.82003882858058,62.6,62.6,33,6.71,1
ozernovskiy,RU,"(51.203157982133604, 158.23240978854858)",51.203157982133604,158.23240978854858,50.31,50.31,93,14.29,100
katsuura,JP,"(22.717821219415356, 146.20254654371598)",22.717821219415356,146.20254654371598,88.34,91.99,74,19.46,40
nobres,BR,"(-14.430518373920762, -55.34202692848916)",-14.430518373920762,-55.34202692848916,76.95,76.95,31,2.64,1
kasangulu,CD,"(-4.910966226166465, 15.29993585683556)",-4.910966226166465,15.29993585683556,73.4,73.4,78,4.41,40
ahipara,NZ,"(-36.79689526789175, 167.44119567185288)",-36.79689526789175,167.44119567185288,56.8,56.8,68,5.77,29
beringovskiy,RU,"(61.09870047889294, 178.18811194071208)",61.09870047889294,178.18811194071208,46.44,46.44,61,4.61,0
guerrero negro,MX,"(23.84637133856444, -117.69767798535142)",23.84637133856444,-117.69767798535142,67.71,67.71,80,5.14,100
hobyo,SO,"(2.273598329844191, 49.602380461706844)",2.273598329844191,49.602380461706844,78.75,78.75,71,21.56,82
sambava,MG,"(-12.478618786751568, 56.50363134516641)",-12.478618786751568,56.50363134516641,73.89,73.89,72,11.9,71
saint-francois,GP,"(15.934364908601879, -59.48098872887056)",15.934364908601879,-59.48098872887056,41.92,43,93,0.98,0
lichinga,MZ,"(-12.896213706294475, 35.140675444654846)",-12.896213706294475,35.140675444654846,54.25,55.4,93,11.41,75
swan hill,AU,"(-34.32227907005226, 144.06511707570627)",-34.32227907005226,144.06511707570627,92.88,92.88,53,4.41,97
sibolga,ID,"(-2.2472822308552196, 93.76774873764975)",-2.2472822308552196,93.76774873764975,83.75,83.75,72,4.29,31
amapa,BR,"(2.1225374937371697, -48.025377931571796)",2.1225374937371697,-48.025377931571796,70.23,70.23,97,2.15,53
novoagansk,RU,"(62.401702924931044, 76.52891097715104)",62.401702924931044,76.52891097715104,54.93,54.93,60,6.06,74
basco,PH,"(19.51473740818514, 122.04077270554535)",19.51473740818514,122.04077270554535,85.06,85.06,72,6.93,59
lata,SB,"(-4.46465118553013, 167.13036843686263)",-4.46465118553013,167.13036843686263,68.79,72,49,8.01,0
korla,CN,"(37.24604146871556, 88.7202624815626)",37.24604146871556,88.7202624815626,76.75,76.75,23,15.12,40
porto santo,PT,"(32.00473276062071, -14.673253770538196)",32.00473276062071,-14.673253770538196,67.3,69.01,48,4.7,7
struer,DK,"(56.575441547247806, 8.661051125719098)",56.575441547247806,8.661051125719098,60.01,60.01,96,13.53,100
banda aceh,ID,"(4.273854195202844, 90.76045118980716)",4.273854195202844,90.76045118980716,92.75,92.75,53,8.61,0
bartica,GY,"(6.82549792633715, -59.434560576623795)",6.82549792633715,-59.434560576623795,73.4,73.4,100,2.24,20
ventspils,LV,"(58.6371907115668, 20.64431547783704)",58.6371907115668,20.64431547783704,59,59,82,13.87,20
berlevag,NO,"(86.4643188664738, 32.74644705541215)",86.4643188664738,32.74644705541215,50,50,76,10.29,34
tibati,CM,"(5.631630796050956, 12.995061732079932)",5.631630796050956,12.995061732079932,65.91,65.91,95,0.74,94
guasdualito,VE,"(7.830832426815576, -71.04726440442477)",7.830832426815576,-71.04726440442477,72.97,72.97,97,1.34,96
mago,RU,"(53.287585867751716, 140.1650751047502)",53.287585867751716,140.1650751047502,66.45,66.45,60,3.13,100
jega,NG,"(12.139236368406756, 4.265792075130406)",12.139236368406756,4.265792075130406,73.74,73.74,89,3.71,100
neuquen,AR,"(-39.53352195445597, -68.63108832384901)",-39.53352195445597,-68.63108832384901,51.8,51.8,71,13.31,48
tignere,CM,"(7.534834388895376, 12.751201739138565)",7.534834388895376,12.751201739138565,63.52,63.52,98,0.63,99
viesca,MX,"(25.453655289347623, -102.83604624281266)",25.453655289347623,-102.83604624281266,72,72,74,4,100
bongandanga,CD,"(1.525754237391368, 20.3645933386355)",1.525754237391368,20.3645933386355,70.09,70.09,99,1.54,94
port macquarie,AU,"(-34.60479484810963, 158.64337457299126)",-34.60479484810963,158.64337457299126,73.35,73.35,52,2.37,99
tabuk,SA,"(29.129188732372853, 37.67749096559032)",29.129188732372853,37.67749096559032,87.19,87.19,69,5.1,86
grand river south east,MU,"(-18.706712230130293, 68.36849124845557)",-18.706712230130293,68.36849124845557,74.08,75.2,16,6.93,1
bilibino,RU,"(67.77155093279117, 166.87075735822577)",67.77155093279117,166.87075735822577,46.96,46.96,54,4.7,72
rubik,AL,"(41.80672169634636, 19.780309648404454)",41.80672169634636,19.780309648404454,62.6,62.6,88,6.58,0
greystones,IE,"(53.17412880953208, -5.598624995873308)",53.17412880953208,-5.598624995873308,61.66,62.01,82,6.64,79
ravar,IR,"(31.855735043449485, 58.02612374591891)",31.855735043449485,58.02612374591891,86.88,86.88,12,6.26,0
richards bay,ZA,"(-36.277200876262974, 39.92041736787104)",-36.277200876262974,39.92041736787104,42.1,42.8,75,9.17,95
larap,PH,"(4.758185358935478, 119.51379355961222)",4.758185358935478,119.51379355961222,88.54,88.54,64,5.32,100
yulara,AU,"(-22.450624388324158, 128.21233062730232)",-22.450624388324158,128.21233062730232,95,95,8,12.75,0
gusau,NG,"(12.432320482649502, 6.919140584359354)",12.432320482649502,6.919140584359354,71.91,71.91,84,4.54,100
lufilufi,WS,"(-0.9910929862849827, -164.55008356681262)",-0.9910929862849827,-164.55008356681262,77,77,94,8.05,90
qarqin,AF,"(37.26128751270488, 65.73168760110258)",37.26128751270488,65.73168760110258,75.24,75.24,18,5.14,0
mayumba,GA,"(-5.265680875849583, 9.097026567244086)",-5.265680875849583,9.097026567244086,74.37,74.37,85,5.86,100
prince rupert,CA,"(51.51936468564, -132.7783019652557)",51.51936468564,-132.7783019652557,35.6,35.6,74,4.7,1
rio grande,BR,"(-33.61719542673508, -48.760547584016535)",-33.61719542673508,-48.760547584016535,63.18,64.4,77,3,0
bubaque,GW,"(9.843693677408694, -17.796833180557456)",9.843693677408694,-17.796833180557456,80.15,80.15,81,9.98,100
tiksi,RU,"(83.21865953280971, 125.06248684342978)",83.21865953280971,125.06248684342978,50.23,50.23,57,13.33,42
antofagasta,CL,"(-23.367153459783466, -78.83226880359535)",-23.367153459783466,-78.83226880359535,57.2,57.2,67,5.82,90
aykhal,RU,"(68.4774694120297, 110.48717117831546)",68.4774694120297,110.48717117831546,33.8,33.8,100,6.71,90
chernigovka,RU,"(44.51372552846857, 132.41129363749803)",44.51372552846857,132.41129363749803,67.3,67.3,89,9.78,98
high level,CA,"(59.50348506911041, -116.14053528250523)",59.50348506911041,-116.14053528250523,78.04,80.01,88,8.05,1
dwarka,IN,"(20.797524876195638, 67.31187840663782)",20.797524876195638,67.31187840663782,85.75,85.75,70,10.85,27
lotofaga,WS,"(-15.18882741972665, -172.1671864975862)",-15.18882741972665,-172.1671864975862,77,77,94,8.05,90
jalu,LY,"(26.629169692566094, 24.069743076883555)",26.629169692566094,24.069743076883555,72.12,72.12,56,6.58,0
termoli,IT,"(42.562539768065164, 15.373738314811447)",42.562539768065164,15.373738314811447,68.92,71.01,87,1.01,27
zhezkazgan,KZ,"(48.34331244646174, 66.4430816131069)",48.34331244646174,66.4430816131069,62.6,62.6,39,8.95,3
souillac,MU,"(-34.123412256369164, 64.34402826258415)",-34.123412256369164,64.34402826258415,71.6,71.6,100,10.29,75
lucapa,AO,"(-7.903558138666895, 21.902654839861412)",-7.903558138666895,21.902654839861412,66.4,66.4,39,3.78,0
chumikan,RU,"(55.556518539814334, 134.02234226751807)",55.556518539814334,134.02234226751807,62.47,62.47,56,6.73,100
ljungby,SE,"(56.76021446710624, 14.210783406174329)",56.76021446710624,14.210783406174329,54.57,55,100,13.87,100
zhoucheng,CN,"(24.406588478890853, 101.83117291522495)",24.406588478890853,101.83117291522495,85.62,85.62,48,6.22,1
ust-tsilma,RU,"(66.72531341829662, 49.256624926795666)",66.72531341829662,49.256624926795666,56.17,56.17,90,4.74,97
ginir,ET,"(6.772625547872025, 40.47585136792833)",6.772625547872025,40.47585136792833,61.45,61.45,78,6.15,12
noyabrsk,RU,"(62.634998984852444, 76.11426768364663)",62.634998984852444,76.11426768364663,52.81,52.81,63,1.68,87
bismarck,US,"(47.02176002912026, -100.25939071411668)",47.02176002912026,-100.25939071411668,40.42,41,75,9.17,1
keti bandar,PK,"(22.940246659728842, 65.57500803093205)",22.940246659728842,65.57500803093205,57.2,57.2,71,4.7,3
verkhoyansk,RU,"(65.13682117513872, 132.67716786536351)",65.13682117513872,132.67716786536351,52.27,52.27,56,2.28,83
san carlos,PY,"(-22.194733395567752, -57.194992373856834)",-22.194733395567752,-57.194992373856834,73.58,73.58,93,1.45,45
salalah,OM,"(18.024080601044332, 56.1966768729356)",18.024080601044332,56.1966768729356,80.6,80.6,78,6.93,75
coruripe,BR,"(-16.309842431272656, -29.821042268967773)",-16.309842431272656,-29.821042268967773,71.69,71.69,86,6.06,0
burnie,AU,"(-42.504101303012554, 143.47892986131785)",-42.504101303012554,143.47892986131785,59,59,50,15.01,60
gazojak,TM,"(42.07633678304239, 62.440437447238224)",42.07633678304239,62.440437447238224,70.61,70.61,22,17.4,39
plettenberg bay,ZA,"(-40.71421068361499, 23.253054423416387)",-40.71421068361499,23.253054423416387,53.96,55,77,4.68,90
saldanha,ZA,"(-37.598427460317474, 2.613571961763995)",-37.598427460317474,2.613571961763995,60.12,60.12,61,3.29,0
jidong,CN,"(45.167986715519675, 131.25138826454628)",45.167986715519675,131.25138826454628,64.81,64.81,92,13.2,100
sisimiut,GL,"(65.49824837431316, -55.53335078145366)",65.49824837431316,-55.53335078145366,37.4,37.4,78,5.23,6
san vicente,PH,"(19.290112444707773, 126.7476895033397)",19.290112444707773,126.7476895033397,73.58,73.58,93,1.45,45
pokhara,NP,"(31.685790724397066, 86.00890765005232)",31.685790724397066,86.00890765005232,80.37,80.37,73,4.61,25
nuuk,GL,"(63.1609564166225, -53.12517881581047)",63.1609564166225,-53.12517881581047,39.09,39.2,86,2.86,96
assiniboia,CA,"(49.33306656605146, -105.46716742121015)",49.33306656605146,-105.46716742121015,38.25,38.25,71,7.36,62
kushima,JP,"(29.248769261385718, 133.64895450272297)",29.248769261385718,133.64895450272297,80.6,80.6,78,17.22,40
oliveira dos brejinhos,BR,"(-11.962382440652249, -42.691041960586944)",-11.962382440652249,-42.691041960586944,61.74,61.74,56,3.94,22
ancud,CL,"(-39.65865659476434, -101.62730765875554)",-39.65865659476434,-101.62730765875554,44.76,48,97,24,100
lavrentiya,RU,"(68.75931705738918, -170.5198089203369)",68.75931705738918,-170.5198089203369,43.02,43.02,71,19.73,78
marsabit,KE,"(1.465120917093003, 38.763448772918736)",1.465120917093003,38.763448772918736,60.04,60.04,85,14.85,99
acarau,BR,"(5.670417709716645, -39.558672322142485)",5.670417709716645,-39.558672322142485,77.67,77.67,83,15.57,61
tondano,ID,"(-0.5305640369534927, 125.16392035720725)",-0.5305640369534927,125.16392035720725,86,86,74,9.17,40
alofi,NU,"(-26.09229582897916, -167.62892805351044)",-26.09229582897916,-167.62892805351044,75.2,75.2,73,13.87,75
muravlenko,RU,"(62.90337885286823, 73.88903168668332)",62.90337885286823,73.88903168668332,51.35,51.35,62,3.56,76
poum,NC,"(-20.069039787547823, 164.22999613493653)",-20.069039787547823,164.22999613493653,72.59,72.59,77,11.95,48
karratha,AU,"(-20.808420270008597, 113.17972236321015)",-20.808420270008597,113.17972236321015,91.36,91.36,24,11.65,0
fairbanks,US,"(63.04718152350287, -144.6402458107614)",63.04718152350287,-144.6402458107614,55.49,57.2,58,3.36,75
darlowo,PL,"(54.41806272953502, 16.36783726610301)",54.41806272953502,16.36783726610301,54,54,73,18.43,47
sao joao da barra,BR,"(-30.289146732658153, -29.751517723469163)",-30.289146732658153,-29.751517723469163,83.01,83.01,71,6.85,47
ulladulla,AU,"(-39.367826816433066, 156.9354974092845)",-39.367826816433066,156.9354974092845,74.64,82.4,28,17.22,100
kamloops,CA,"(50.92604347988083, -120.59581347680918)",50.92604347988083,-120.59581347680918,64.4,64.4,23,3.36,5
qaqortoq,GL,"(64.54095534331503, -43.48990190853863)",64.54095534331503,-43.48990190853863,39.2,39.2,72,2.24,10
kjopsvik,NO,"(66.80458583332825, 17.049792441226174)",66.80458583332825,17.049792441226174,53.29,53.6,76,11.41,75
omboue,GA,"(-5.873244509770672, 3.224387782068675)",-5.873244509770672,3.224387782068675,74.17,74.17,85,6.67,95
ruwi,OM,"(25.076104494361473, 57.48565155028871)",25.076104494361473,57.48565155028871,95,95,41,8.05,0
cotonou,BJ,"(5.852557570218281, 2.44416682376675)",5.852557570218281,2.44416682376675,75.56,75.56,89,9.84,16
palmer,US,"(56.090451345182714, -145.08094894856202)",56.090451345182714,-145.08094894856202,62.2,64.99,93,3.38,75
nyanza,RW,"(-2.2365034046899552, 29.57464325894992)",-2.2365034046899552,29.57464325894992,62.29,62.6,100,2.24,75
solton,RU,"(53.12520585781695, 86.35303792676558)",53.12520585781695,86.35303792676558,55.06,55.06,63,4.54,100
natal,BR,"(-5.27275149386918, -33.883303002995376)",-5.27275149386918,-33.883303002995376,70.74,71.6,88,4.7,40
tommot,RU,"(57.41826331044541, 127.25141629346803)",57.41826331044541,127.25141629346803,60.98,60.98,47,4.23,75
mitchell,US,"(43.2420555770571, -98.90169720967991)",43.2420555770571,-98.90169720967991,48.2,48.2,87,5.82,90
ziro,IN,"(28.177464432138464, 93.66810497447102)",28.177464432138464,93.66810497447102,84.2,84.2,89,5.82,75
champerico,GT,"(9.095899541159369, -93.79943713324887)",9.095899541159369,-93.79943713324887,66.02,66.99,96,5.32,100
morgan city,US,"(26.57248504187345, -92.56350175247414)",26.57248504187345,-92.56350175247414,74.34,77,83,6.93,40
garland,US,"(32.86790250434805, -96.68227132129924)",32.86790250434805,-96.68227132129924,81.54,82.99,65,10.29,1
half moon bay,US,"(35.38689971074899, -126.10022671783719)",35.38689971074899,-126.10022671783719,74.37,74.37,91,4.41,78
mucurapo,TT,"(11.074581824241704, -62.14260160786971)",11.074581824241704,-62.14260160786971,78.12,81,100,4.45,20
barcelona,VE,"(10.211404596525455, -64.63677381717987)",10.211404596525455,-64.63677381717987,64.85,68,77,12.75,20
sinnamary,GF,"(8.362350565298115, -50.86504670456998)",8.362350565298115,-50.86504670456998,77.67,77.67,89,7.61,51
lakhimpur,IN,"(27.00959422054362, 94.04989715406407)",27.00959422054362,94.04989715406407,92.12,92.12,57,3.76,50
bambous virieux,MU,"(-30.829190442716204, 69.88457314461724)",-30.829190442716204,69.88457314461724,73.38,75,100,10.29,75
caravelas,BR,"(-19.98952134085968, -35.36689728526497)",-19.98952134085968,-35.36689728526497,68.38,68.38,90,4.07,10
komsomolskiy,RU,"(69.45797807047225, 173.9420088406518)",69.45797807047225,173.9420088406518,73.4,73.4,16,2.24,0
khasan,RU,"(38.760241741828054, 130.8579452247323)",38.760241741828054,130.8579452247323,67.3,67.3,91,10.76,98
ponta delgada,PT,"(34.92216353902815, -26.356769868045518)",34.92216353902815,-26.356769868045518,66.99,66.99,90,16.6,39
gravelbourg,CA,"(48.52294351931735, -107.24702295877356)",48.52294351931735,-107.24702295877356,39.52,39.52,69,6.82,36
raga,SD,"(9.876637668560022, 25.844362331060438)",9.876637668560022,25.844362331060438,68.7,68.7,95,2.95,61
kruisfontein,ZA,"(-63.49889105910612, 26.825791079912904)",-63.49889105910612,26.825791079912904,54,54,91,5.53,0
mercedes,AR,"(-34.26947904451948, -65.89798229480506)",-34.26947904451948,-65.89798229480506,48.36,50,61,4,0
bambanglipuro,ID,"(-14.51048909485992, 110.18102856971586)",-14.51048909485992,110.18102856971586,84.63,84.63,62,16.11,69
nabire,ID,"(-5.431986581931241, 137.6220749643851)",-5.431986581931241,137.6220749643851,87.44,87.44,60,4.36,100
tereze,RU,"(43.702793022823954, 42.23397001955618)",43.702793022823954,42.23397001955618,66.74,69.01,88,6.71,13
leningradskiy,RU,"(67.76251942001198, 175.84218582919232)",67.76251942001198,175.84218582919232,40.46,40.46,76,12.57,95
roanoke rapids,US,"(36.722043651777454, -77.72092210065428)",36.722043651777454,-77.72092210065428,63.41,66.2,82,4.7,1
bilma,NE,"(21.97834127300939, 14.146849507436912)",21.97834127300939,14.146849507436912,88.75,88.75,20,10.2,26
benguela,AO,"(-12.313055833422169, 12.993022752007676)",-12.313055833422169,12.993022752007676,70.12,70.12,82,2.53,0
notre-dame-du-lac,CA,"(47.49664295004561, -68.79791170111783)",47.49664295004561,-68.79791170111783,63.32,64.99,67,14.99,75
hervey bay,AU,"(-23.51483556928767, 157.8970213083985)",-23.51483556928767,157.8970213083985,76.32,77,83,5.82,1
kot addu,PK,"(30.35017370263688, 70.88562980511972)",30.35017370263688,70.88562980511972,85.86,87.01,79,4.7,20
rochegda,RU,"(63.47305896108014, 43.141843088742036)",63.47305896108014,43.141843088742036,53.01,53.01,94,3.58,99
buala,SB,"(-3.8578952029671427, 159.53396764204712)",-3.8578952029671427,159.53396764204712,83.75,83.75,72,4,50
nishihara,JP,"(20.257872450531067, 135.26391691981638)",20.257872450531067,135.26391691981638,84.63,86,70,4.7,75
carcassonne,FR,"(43.23439826840169, 2.454903842219835)",43.23439826840169,2.454903842219835,54.34,57.2,62,5.82,0
lodja,CD,"(-3.1988121642252736, 23.980410486184752)",-3.1988121642252736,23.980410486184752,70.29,70.29,93,0.07,41
sainte-rose,RE,"(-20.628070453546357, 56.34756409670294)",-20.628070453546357,56.34756409670294,78.8,78.8,83,1.12,20
tecolutilla,MX,"(18.66665087753057, -93.758729914636)",18.66665087753057,-93.758729914636,77.72,77.72,87,3.47,93
lagoa,PT,"(49.74463043951721, -28.247377082014566)",49.74463043951721,-28.247377082014566,70.32,70.32,83,19.08,39
salvador,BR,"(-14.656796791728326, -35.23215514684844)",-14.656796791728326,-35.23215514684844,74.1,78.8,88,3.36,85
bahia blanca,AR,"(-37.70413934622742, -62.11973779081133)",-37.70413934622742,-62.11973779081133,65.05,65.05,83,8.43,63
atambua,ID,"(-9.866536150887598, 126.07655419628321)",-9.866536150887598,126.07655419628321,86.81,86.81,43,3.4,98
carauari,BR,"(-4.8483524551580786, -66.23574429061473)",-4.8483524551580786,-66.23574429061473,75.49,75.49,57,1.32,9
khorramshahr,IR,"(30.01755212837051, 47.656657731328465)",30.01755212837051,47.656657731328465,87.8,87.8,27,6.93,0
lambarene,GA,"(-0.606476271439405, 10.168963018220524)",-0.606476271439405,10.168963018220524,72.61,72.61,87,4.45,99
flinders,AU,"(-29.86072828970324, 133.99057208891992)",-29.86072828970324,133.99057208891992,71.42,73.99,59,4,92
kande,TG,"(10.068917908442387, 1.1874111498412674)",10.068917908442387,1.1874111498412674,70.27,70.27,92,2.01,43
agadez,NE,"(18.547662164741226, 9.894448910219154)",18.547662164741226,9.894448910219154,85.5,85.5,26,10.45,85
novouzensk,RU,"(50.046249147747346, 47.73398054337724)",50.046249147747346,47.73398054337724,71.17,71.17,24,7.61,41
sakaiminato,JP,"(36.68755185016619, 132.6188369788133)",36.68755185016619,132.6188369788133,89.94,91.4,41,14.99,20
puerto madryn,AR,"(-42.389644538934604, -64.67562136117726)",-42.389644538934604,-64.67562136117726,73.6,73.99,78,11.41,0
nampula,MZ,"(-15.632873783576045, 39.02426385522983)",-15.632873783576045,39.02426385522983,62.6,62.6,93,8.05,40
najran,SA,"(20.816268099997984, 45.76329948686532)",20.816268099997984,45.76329948686532,77,77,41,4.94,0
kochki,RU,"(54.26320044097801, 80.62710162654258)",54.26320044097801,80.62710162654258,48.42,48.42,86,6.04,100
waipawa,NZ,"(-44.54554782805306, 176.9882229129821)",-44.54554782805306,176.9882229129821,54.84,55.4,71,21.92,0
gamboula,CF,"(3.996442473413893, 15.322989705522673)",3.996442473413893,15.322989705522673,65.82,65.82,98,2.42,100
kaitangata,NZ,"(-53.512866870024574, 174.82412460624693)",-53.512866870024574,174.82412460624693,54,54,68,5.99,20
yeppoon,AU,"(-18.749538968033264, 155.12050153277062)",-18.749538968033264,155.12050153277062,80.6,80.6,42,13.87,29
semikarakorsk,RU,"(47.40854316237997, 40.77176256356739)",47.40854316237997,40.77176256356739,59,59,47,7.7,1
waingapu,ID,"(-13.355947750953135, 117.55959351107913)",-13.355947750953135,117.55959351107913,88.03,88.03,44,16.84,99
stuttgart,US,"(34.00535260193092, -91.4184044156784)",34.00535260193092,-91.4184044156784,47.14,48,93,2.24,1
nome,US,"(62.95410817908078, -167.36279266023712)",62.95410817908078,-167.36279266023712,51.44,51.8,93,6.93,90
mabaruma,GY,"(8.80132596944118, -60.19734711326777)",8.80132596944118,-60.19734711326777,73.65,73.65,97,2.33,75
kango,GA,"(0.14045488023424468, 9.891206701493104)",0.14045488023424468,9.891206701493104,72.05,72.05,91,2.55,90
san quintin,MX,"(25.115310997134486, -123.31265951117749)",25.115310997134486,-123.31265951117749,73.58,73.58,93,1.45,45
davila,PH,"(20.192397533764776, 118.95204862628714)",20.192397533764776,118.95204862628714,87.8,87.8,74,6.93,40
byron bay,AU,"(-27.0157450164211, 159.20878366673088)",-27.0157450164211,159.20878366673088,48.58,48.99,87,6.93,90
atasu,KZ,"(48.892777830234934, 70.02235095874107)",48.892777830234934,70.02235095874107,57.07,57.07,49,9.73,2
lubumbashi,CD,"(-10.98622632187113, 27.603900948216875)",-10.98622632187113,27.603900948216875,52.32,52.32,56,3.56,0
disna,BY,"(55.154822659251664, 28.71429968559457)",55.154822659251664,28.71429968559457,47.89,47.89,96,9.4,16
nyanguge,TZ,"(-2.6205086917635896, 33.447177279680346)",-2.6205086917635896,33.447177279680346,70.21,70.21,71,10.27,91
geraldton,AU,"(-27.384444343864985, 118.31742725642016)",-27.384444343864985,118.31742725642016,68,68,42,9.17,0
kenda,IN,"(23.00191652995295, 86.5836618467838)",23.00191652995295,86.5836618467838,89.6,89.6,70,4.7,75
midland,US,"(31.440157342022985, -101.77688323798644)",31.440157342022985,-101.77688323798644,78.85,79,57,19.46,1
fort-shevchenko,KZ,"(45.37757061890699, 50.42313626598457)",45.37757061890699,50.42313626598457,73.8,73.8,30,15.46,47
kenai,US,"(61.53373809892406, -154.65021753593285)",61.53373809892406,-154.65021753593285,55.62,55.99,66,21.92,1
hamilton,BM,"(30.192318859818442, -63.77000820214187)",30.192318859818442,-63.77000820214187,72.9,73.99,73,4.63,1
kuching,MY,"(1.6714032061832427, 109.70835611842239)",1.6714032061832427,109.70835611842239,87.42,87.8,70,3.36,75
altay,CN,"(46.21557213538529, 90.57112644382187)",46.21557213538529,90.57112644382187,60.13,60.13,39,8.1,15
kupang,ID,"(-11.876180472074068, 122.38534079327974)",-11.876180472074068,122.38534079327974,93.2,93.2,36,24.16,20
meulaboh,ID,"(2.2357702682577667, 92.51491822653838)",2.2357702682577667,92.51491822653838,82.4,82.4,78,2.39,84
sola,VU,"(-11.097453731684325, 170.369570642832)",-11.097453731684325,170.369570642832,78.64,78.64,81,23.47,90
mehamn,NO,"(77.75540975072454, 27.70918116400668)",77.75540975072454,27.70918116400668,50,50,76,10.29,75
bereda,SO,"(11.771271495231431, 53.327263191572484)",11.771271495231431,53.327263191572484,50.52,52,100,1.01,62
momignies,BE,"(50.04163770363937, 4.201931658654132)",50.04163770363937,4.201931658654132,53.02,55,93,5.28,58
kijang,ID,"(2.358565360135671, 105.72081740996595)",2.358565360135671,105.72081740996595,84.2,84.2,58,13.87,75
yoichi,JP,"(43.07284076184422, 140.85347751644787)",43.07284076184422,140.85347751644787,91,91.99,70,9.17,40
pajarito,CO,"(5.3065574203922665, -72.79598561383287)",5.3065574203922665,-72.79598561383287,65.34,65.34,80,4.47,100
darnah,LY,"(31.75429202921002, 22.063276046669387)",31.75429202921002,22.063276046669387,76.91,76.91,74,11.43,0
tatawin,TN,"(32.18111410029118, 10.057667670693036)",32.18111410029118,10.057667670693036,73.4,73.4,83,5.82,46
kaisiadorys,LT,"(54.88377646434682, 24.32663113995116)",54.88377646434682,24.32663113995116,49.5,50,87,5.82,17
sao miguel do araguaia,BR,"(-12.65236532806189, -51.61727656575067)",-12.65236532806189,-51.61727656575067,83.01,83.01,71,6.85,47
coihueco,CL,"(-36.90623175368456, -70.11886059027856)",-36.90623175368456,-70.11886059027856,46.4,46.4,100,4.7,83
tuscaloosa,US,"(33.00063524334173, -87.84228268440002)",33.00063524334173,-87.84228268440002,69.49,70,88,4.74,1
liverpool,CA,"(41.07957769233741, -62.38792720091756)",41.07957769233741,-62.38792720091756,63.05,64.4,88,5.82,75
ashqelon,IL,"(31.64747758071033, 34.56861759460011)",31.64747758071033,34.56861759460011,79.84,80.6,83,3.36,20
faya,TD,"(22.251127114924856, 18.964552778206468)",22.251127114924856,18.964552778206468,68,69.8,34,6.69,26
port augusta,AU,"(-31.407331103506294, 136.044009972438)",-31.407331103506294,136.044009972438,73.35,73.35,52,2.37,99
port hardy,CA,"(46.74799981183844, -134.35380737291229)",46.74799981183844,-134.35380737291229,73.35,73.35,52,2.37,99
neyshabur,IR,"(35.0519204221509, 58.45099814815444)",35.0519204221509,58.45099814815444,72.03,72.03,21,2.04,0
acari,PE,"(-17.864859503178195, -75.75161175488236)",-17.864859503178195,-75.75161175488236,59,59,67,2.24,92
santa eulalia del rio,ES,"(37.564851799456235, 1.16934347876159)",37.564851799456235,1.16934347876159,86.86,86.86,68,6.46,100
san bernardo,CO,"(4.076326790156486, -74.34342957075395)",4.076326790156486,-74.34342957075395,73.58,73.58,93,1.45,45
broome,AU,"(-16.490016011432616, 125.2226020151898)",-16.490016011432616,125.2226020151898,63.66,64.99,77,5.82,1
freetown,AG,"(17.735610841915232, -59.670057911534386)",17.735610841915232,-59.670057911534386,75.69,75.69,87,4.45,93
santa cruz,CR,"(10.434679796436725, -86.84833463872175)",10.434679796436725,-86.84833463872175,86.86,86.86,68,6.46,100
port hedland,AU,"(-18.776656856268517, 119.43886963110987)",-18.776656856268517,119.43886963110987,73.35,73.35,52,2.37,99
kaeo,NZ,"(-30.171392693799213, 175.69071240310308)",-30.171392693799213,175.69071240310308,57.99,57.99,34,8.01,43
batagay-alyta,RU,"(70.24211440456051, 131.94318091350306)",70.24211440456051,131.94318091350306,48.67,48.67,52,2.91,37
khor,QA,"(26.176364723815738, 51.71222164288554)",26.176364723815738,51.71222164288554,72.52,72.52,81,9.06,99
zugdidi,GE,"(42.46394913897825, 41.762936887991316)",42.46394913897825,41.762936887991316,68,68,94,3.36,40
preobrazheniye,RU,"(41.15307847238324, 134.7767065353113)",41.15307847238324,134.7767065353113,68.29,68.29,86,16.6,91
wanning,CN,"(17.687079045156864, 114.16486913329317)",17.687079045156864,114.16486913329317,88.97,88.97,68,10.2,100
podbrdo,BA,"(44.55038518247633, 17.080282426146766)",44.55038518247633,17.080282426146766,57.83,62.6,93,3.36,40
asau,TV,"(-14.116754353475798, 176.32606778669623)",-14.116754353475798,176.32606778669623,57,57,82,3.94,97
kavaratti,IN,"(12.356459562496028, 66.04662177214396)",12.356459562496028,66.04662177214396,78.8,78.8,94,9.17,90
omsukchan,RU,"(63.91591774429284, 157.4717447796187)",63.91591774429284,157.4717447796187,42.53,42.53,87,9.69,100
borba,BR,"(-4.182312310162956, -59.195454998719725)",-4.182312310162956,-59.195454998719725,76.66,76.66,62,2.75,0
kaoma,ZM,"(-16.132234109115842, 24.97513054079201)",-16.132234109115842,24.97513054079201,56.07,56.07,46,8.12,0
vestmannaeyjar,IS,"(59.3707373327093, -18.184058404092582)",59.3707373327093,-18.184058404092582,49.6,49.6,84,2.21,100
awjilah,LY,"(24.25762010245201, 19.502336460571314)",24.25762010245201,19.502336460571314,71.74,71.74,55,6.87,0
karawang,ID,"(-6.387147515227753, 107.27785614033348)",-6.387147515227753,107.27785614033348,93.34,96.01,43,13.87,40
progreso,MX,"(23.868209627814352, -91.09471248330429)",23.868209627814352,-91.09471248330429,80.8,81,83,3.36,20
staraya poltavka,RU,"(50.469301748685666, 46.18218211123593)",50.469301748685666,46.18218211123593,49.03,52,99,3.33,85
rundu,NA,"(-17.10150165046825, 18.960724814910208)",-17.10150165046825,18.960724814910208,54.79,54.79,39,6.11,0
airai,PW,"(8.234769180250993, 141.55408624082816)",8.234769180250993,141.55408624082816,77.43,77.43,48,6.24,96
bani walid,LY,"(31.08807833543834, 13.730503189902038)",31.08807833543834,13.730503189902038,77.67,77.67,76,4.63,47
svetlaya,RU,"(46.05805882943679, 137.70037266207305)",46.05805882943679,137.70037266207305,61.59,61.59,93,15.9,100
ust-maya,RU,"(60.218293634997906, 134.81028727067974)",60.218293634997906,134.81028727067974,59.72,59.72,50,4.32,27
sept-iles,CA,"(55.9249472864708, -66.8285238793469)",55.9249472864708,-66.8285238793469,54.39,55,100,9.17,90
porto nacional,BR,"(-10.46984821128531, -49.215861837247274)",-10.46984821128531,-49.215861837247274,67.3,69.01,48,4.7,7
west fargo,US,"(46.4573234468329, -96.99082109077604)",46.4573234468329,-96.99082109077604,79.38,80.6,74,8.05,5
sorland,NO,"(70.31294528761535, 7.386061351227852)",70.31294528761535,7.386061351227852,51.8,51.8,93,12.75,75
coquimbo,CL,"(-29.292688353858523, -82.91492036137541)",-29.292688353858523,-82.91492036137541,51.8,51.8,87,5.82,58
porto franco,BR,"(-6.6091569543370525, -47.325245435005115)",-6.6091569543370525,-47.325245435005115,66.96,68,48,4.7,7
dunedin,NZ,"(-49.26235164442538, 175.71054981613997)",-49.26235164442538,175.71054981613997,52.27,54,68,8.01,0
nizhniy ingash,RU,"(56.601654891342974, 96.78118500247666)",56.601654891342974,96.78118500247666,69.03,70,100,6.71,10
minggang,CN,"(32.327063744036664, 114.27487918713723)",32.327063744036664,114.27487918713723,92.32,92.32,42,3.15,0
malanje,AO,"(-10.104905880763994, 15.726910721124455)",-10.104905880763994,15.726910721124455,64.44,64.44,85,6.58,34
eyl,SO,"(8.003255672165565, 49.43399033982257)",8.003255672165565,49.43399033982257,79.56,79.56,60,20.22,92
krapivinskiy,RU,"(54.73276117460318, 86.82497105658837)",54.73276117460318,86.82497105658837,51.8,51.8,76,6.71,100
kloulklubed,PW,"(7.332695022779319, 134.13560030895889)",7.332695022779319,134.13560030895889,87.8,87.8,66,5.82,75
torrijos,ES,"(40.187990406384216, -4.5031352437709415)",40.187990406384216,-4.5031352437709415,56.21,57.2,58,5.82,15
traverse city,US,"(44.81628266690399, -85.95514153458089)",44.81628266690399,-85.95514153458089,56.08,60.01,87,2.8,1
santa ana,CR,"(9.867820384406158, -84.18672495484243)",9.867820384406158,-84.18672495484243,86.86,86.86,68,6.46,100
paamiut,GL,"(56.2437966915374, -49.95794648645381)",56.2437966915374,-49.95794648645381,40.55,40.55,84,12.33,54
teguldet,RU,"(61.03012777199993, 88.57269033317812)",61.03012777199993,88.57269033317812,59.61,59.61,58,1.7,53
tiznit,MA,"(25.41537715931068, -8.21629220689698)",25.41537715931068,-8.21629220689698,78.71,78.71,32,0.85,0
oakdale,US,"(37.79863225432736, -120.33682803884278)",37.79863225432736,-120.33682803884278,49.66,52,81,5.82,90
kununurra,AU,"(-20.476976022018476, 128.17551423080062)",-20.476976022018476,128.17551423080062,96.8,96.8,14,12.75,70
baracoa,CU,"(21.772925110360077, -73.82542700615255)",21.772925110360077,-73.82542700615255,78.55,78.55,82,3.36,100
morong,PH,"(14.65542063196996, 120.30542948067034)",14.65542063196996,120.30542948067034,93.09,93.2,59,8.05,75
kokopo,PG,"(-4.889626869510977, 153.8684171400359)",-4.889626869510977,153.8684171400359,86.29,86.29,62,12.84,20
san ramon,BO,"(-12.984338301005792, -64.97272758435399)",-12.984338301005792,-64.97272758435399,73.58,73.58,93,1.45,45
laguna,BR,"(-39.990841040605375, -33.891136580987734)",-39.990841040605375,-33.891136580987734,86.76,89.01,37,7.2,1
college,US,"(68.8633510889268, -150.92496133149038)",68.8633510889268,-150.92496133149038,55.56,57.2,58,3.36,75
marsa matruh,EG,"(31.471668746165008, 26.446735083684388)",31.471668746165008,26.446735083684388,75.65,75.99,94,1.12,20
lixourion,GR,"(36.917629605634446, 18.803568807683803)",36.917629605634446,18.803568807683803,71.6,71.6,83,4.7,40
andenes,NO,"(71.33911963047069, 14.505677455704955)",71.33911963047069,14.505677455704955,51.8,51.8,81,14.99,75
rabat,MA,"(34.38866961421962, -7.303099676587436)",34.38866961421962,-7.303099676587436,66.16,68,100,3.11,75
kalawit,PH,"(8.355418068302342, 122.32556426068817)",8.355418068302342,122.32556426068817,86.38,86.38,69,5.32,27
rio gallegos,AR,"(-50.44585320447959, -67.3478607548659)",-50.44585320447959,-67.3478607548659,63.66,64.4,77,3,0
topoloveni,RO,"(44.795420732748084, 25.0667338350257)",44.795420732748084,25.0667338350257,72,72,66,7.25,1
marsh harbour,BS,"(30.105836592988922, -75.82397643252165)",30.105836592988922,-75.82397643252165,60.04,61,98,5.01,100
douentza,ML,"(15.400282016240055, -3.1934298499942884)",15.400282016240055,-3.1934298499942884,79.03,79.03,71,4.07,27
talara,PE,"(-4.481532057363523, -84.05430777666605)",-4.481532057363523,-84.05430777666605,61.72,61.72,88,13.89,51
along,IN,"(28.847995252983026, 94.44621536144558)",28.847995252983026,94.44621536144558,82.29,82.29,70,2.73,93
sakakah,SA,"(31.001852202515195, 41.88896926746122)",31.001852202515195,41.88896926746122,82.4,82.4,12,3.36,0
kristiinankaupunki,FI,"(62.682846710840806, 21.018406849797657)",62.682846710840806,21.018406849797657,55.9,55.9,75,17.58,100
goderich,SL,"(2.845239431853102, -19.660903861513447)",2.845239431853102,-19.660903861513447,58.32,60.01,80,14.03,70
verkhnevilyuysk,RU,"(60.74672370704454, 120.1007289560826)",60.74672370704454,120.1007289560826,57.97,57.97,46,3.38,8
mandalgovi,MN,"(45.099803784946545, 104.46816626918871)",45.099803784946545,104.46816626918871,69.84,69.84,36,12.03,76
ostrovnoy,RU,"(80.57943135783964, 41.94471000291594)",80.57943135783964,41.94471000291594,51.85,51.85,81,15.52,57
havre-saint-pierre,CA,"(51.61186710359766, -61.67372550927038)",51.61186710359766,-61.67372550927038,59,59,82,17.22,90
teguise,ES,"(29.44708851876183, -12.680821646285864)",29.44708851876183,-12.680821646285864,75.2,75.2,78,23.04,0
pochutla,MX,"(13.021136922088502, -96.18175598605517)",13.021136922088502,-96.18175598605517,77,77,89,3.74,78
kamaishi,JP,"(38.20045575476203, 144.71970057327832)",38.20045575476203,144.71970057327832,93.2,93.2,49,3.36,40
leh,IN,"(35.2669560123574, 79.12294762720603)",35.2669560123574,79.12294762720603,57.74,57.74,33,5.3,6
butembo,CD,"(0.3145625186203631, 29.148847573071208)",0.3145625186203631,29.148847573071208,58.71,58.71,98,2.55,79
grand gaube,MU,"(-11.637005192785253, 64.35404662514895)",-11.637005192785253,64.35404662514895,74.08,75.2,16,6.93,1
barcs,HU,"(45.85922734137449, 17.563605898031142)",45.85922734137449,17.563605898031142,57.2,57.2,82,8.05,20
luan,CN,"(31.13513236020985, 116.1562376735103)",31.13513236020985,116.1562376735103,50.31,54,94,1.01,0
achacachi,BO,"(-16.444085541247034, -68.67102470437554)",-16.444085541247034,-68.67102470437554,44.83,44.83,73,5.3,100
yueyang,CN,"(29.106093638571522, 113.67867271398097)",29.106093638571522,113.67867271398097,89.58,89.58,52,2.91,55
port arthur,US,"(29.42268654779278, -93.28632330456934)",29.42268654779278,-93.28632330456934,73.35,73.35,52,2.37,99
tutoia,BR,"(2.1063865276176017, -41.97021389731333)",2.1063865276176017,-41.97021389731333,78.8,78.8,81,12.8,74
oktyabrskiy,RU,"(55.98771858447424, 99.31198827780219)",55.98771858447424,99.31198827780219,62.58,62.58,53,5.26,11
dudinka,RU,"(69.48556872254568, 86.14752067940083)",69.48556872254568,86.14752067940083,51.8,51.8,76,6.71,0
puerto carreno,CO,"(6.213300498733872, -67.51134182750869)",6.213300498733872,-67.51134182750869,73.6,73.99,78,11.41,0
chara,RU,"(56.41464880036628, 119.00108520728901)",56.41464880036628,119.00108520728901,68.59,68.59,50,0.47,0
huarmey,PE,"(-12.950939436941866, -85.71167073101137)",-12.950939436941866,-85.71167073101137,60.04,60.04,85,4.21,41
mae sai,TH,"(21.01077737926981, 98.73955814142641)",21.01077737926981,98.73955814142641,82.4,82.4,54,4.47,19
pandan,PH,"(16.945508924383873, 126.24191717273857)",16.945508924383873,126.24191717273857,88.07,88.07,65,7.54,96
denpasar,ID,"(-11.492241752229745, 114.64665686104013)",-11.492241752229745,114.64665686104013,84.2,84.2,79,13.87,20
phatthalung,TH,"(7.22668535534639, 99.97155996515596)",7.22668535534639,99.97155996515596,86,86,74,1.9,40
poso,ID,"(-1.0906630814876053, 121.20156492304113)",-1.0906630814876053,121.20156492304113,86.67,86.67,59,5.44,35
puro,PH,"(18.013895783760177, 119.30857451674751)",18.013895783760177,119.30857451674751,88.83,88.83,60,4.56,100
berbera,SO,"(11.594897441275194, 46.24188198573546)",11.594897441275194,46.24188198573546,90.27,90.27,56,2.17,76
ornskoldsvik,SE,"(63.60942868375216, 18.947861067507517)",63.60942868375216,18.947861067507517,50,50,93,9.17,100
hundorp,NO,"(61.5157039440343, 9.872548185212509)",61.5157039440343,9.872548185212509,42.01,42.01,96,2.71,76
kurchum,KZ,"(48.5934957961546, 82.89142004328988)",48.5934957961546,82.89142004328988,62.1,62.1,30,3.11,91
akonolinga,CM,"(3.8169977242912694, 12.69742772719934)",3.8169977242912694,12.69742772719934,66.6,66.6,98,3.04,95
hofn,IS,"(65.29707726673718, -13.719289965850322)",65.29707726673718,-13.719289965850322,44.82,44.82,59,7.61,0
lerwick,GB,"(59.83235228354539, -0.38392597597265876)",59.83235228354539,-0.38392597597265876,53.6,53.6,93,23.04,100
deputatskiy,RU,"(76.64606636228922, 141.54323260465497)",76.64606636228922,141.54323260465497,43.83,43.83,72,4.99,99
dakar,SN,"(13.427763276841688, -18.62170348844367)",13.427763276841688,-18.62170348844367,77,77,94,6.93,20
yarkovo,RU,"(57.48921220677431, 67.09056309036893)",57.48921220677431,67.09056309036893,53.2,53.2,63,2.24,64
gwadar,PK,"(23.912897562093207, 62.524868294793094)",23.912897562093207,62.524868294793094,84.83,84.83,71,8.97,1
taga,WS,"(-14.076649893976537, -172.65463890790022)",-14.076649893976537,-172.65463890790022,61.54,63,93,3.36,75
farafangana,MG,"(-22.982967058833353, 49.63121183867628)",-22.982967058833353,49.63121183867628,69.22,69.22,85,5.66,56
avera,PF,"(-28.54347972293933, -153.2868300521074)",-28.54347972293933,-153.2868300521074,71.91,77,88,4.7,75
hasaki,JP,"(33.812113798734856, 147.6074432448479)",33.812113798734856,147.6074432448479,92.8,95,55,14.99,20
barreiras,BR,"(-11.943119524395684, -45.595249791590504)",-11.943119524395684,-45.595249791590504,64.78,64.78,47,1.59,0
shingu,JP,"(23.80782181828286, 139.88455975639226)",23.80782181828286,139.88455975639226,84.2,84.2,70,8.05,40
korsakov,RU,"(46.57770922627441, 143.0623667536068)",46.57770922627441,143.0623667536068,62.6,62.6,93,4.47,75
caiaponia,BR,"(-17.055044672848737, -51.62587693090009)",-17.055044672848737,-51.62587693090009,68.59,68.59,36,2.17,0
port-cartier,CA,"(55.78578794122029, -70.20001009351152)",55.78578794122029,-70.20001009351152,54.34,55,100,9.17,90
inta,RU,"(64.72945021889456, 59.625879135181066)",64.72945021889456,59.625879135181066,60.44,60.44,77,16.73,100
sheboygan,US,"(43.61442383258671, -87.51856909206157)",43.61442383258671,-87.51856909206157,56.01,57.99,71,5.82,90
severo-yeniseyskiy,RU,"(62.75801512427327, 94.02217239054767)",62.75801512427327,94.02217239054767,48.02,48.02,86,5.14,100
tuatapere,NZ,"(-46.80567968110795, 166.59771255227173)",-46.80567968110795,166.59771255227173,56.46,56.46,59,7.56,10
talcahuano,CL,"(-33.92186999135336, -78.4563728313822)",-33.92186999135336,-78.4563728313822,48.2,48.2,93,5.82,100
maniitsoq,GL,"(63.48671891625776, -55.37829460800076)",63.48671891625776,-55.37829460800076,39.76,39.76,71,4.94,91
chabahar,IR,"(25.86221970608011, 59.83033797784191)",25.86221970608011,59.83033797784191,87.8,87.8,74,6.93,20
murovane,UA,"(49.43072639540145, 23.063828492374682)",49.43072639540145,23.063828492374682,47.43,48,89,2.86,0
canico,PT,"(30.77911628830209, -15.312807975952325)",30.77911628830209,-15.312807975952325,71.4,73.4,78,5.82,20
nyrob,RU,"(61.06204337301298, 56.99496205779528)",61.06204337301298,56.99496205779528,56.39,56.39,84,5.7,98
rantepao,ID,"(-3.0530895112834884, 119.73151894734485)",-3.0530895112834884,119.73151894734485,78.24,78.24,69,4.09,94
baoqing,CN,"(46.668750957102844, 133.05010175715074)",46.668750957102844,133.05010175715074,68.43,68.43,90,9.62,99
kihei,US,"(20.22663312448097, -155.83529194223982)",20.22663312448097,-155.83529194223982,75.43,80.6,69,12.75,20
morgan hill,US,"(37.12451270174488, -121.69351644788533)",37.12451270174488,-121.69351644788533,74.34,77,83,6.93,40
nunkini,MX,"(20.393226983140224, -90.75631922179427)",20.393226983140224,-90.75631922179427,77.13,77.13,83,5.08,0
adet,ET,"(11.258238427704427, 37.0011710703391)",11.258238427704427,37.0011710703391,59.88,59.88,84,0.36,3
inirida,CO,"(4.694001484329391, -68.60098024157875)",4.694001484329391,-68.60098024157875,74.75,74.75,91,1.3,96
san rafael del sur,NI,"(10.140695198534104, -88.24061539952449)",10.140695198534104,-88.24061539952449,73.58,73.58,93,1.45,45
seoul,KR,"(36.915596549319574, 127.65478387927578)",36.915596549319574,127.65478387927578,80.06,80.6,51,3.36,20
angoche,MZ,"(-16.511277545370874, 40.51901035817809)",-16.511277545370874,40.51901035817809,72.23,72.23,74,9.24,0
samur,RU,"(42.73957015014142, 49.39891738954796)",42.73957015014142,49.39891738954796,73.89,73.89,75,4.47,0
tibiri,NE,"(13.790673217132252, 6.643423681352687)",13.790673217132252,6.643423681352687,76.98,76.98,72,8.28,95
sayyan,YE,"(14.99668487868864, 43.95361621313418)",14.99668487868864,43.95361621313418,65.14,65.14,49,9.06,0
lima,PE,"(-18.66581703251248, -88.72126804523558)",-18.66581703251248,-88.72126804523558,59,59,82,4.7,40
kindu,CD,"(-1.6714195236857705, 26.473592701567156)",-1.6714195236857705,26.473592701567156,70.36,70.36,94,2.24,70
necochea,AR,"(-50.897548898174215, -52.536454930524854)",-50.897548898174215,-52.536454930524854,41,41,90,8.99,0
north bend,US,"(42.53020414641961, -135.1173192752193)",42.53020414641961,-135.1173192752193,57.4,57.99,87,6.93,67
san jose,GT,"(10.314591421654711, -92.58616306839178)",10.314591421654711,-92.58616306839178,73.58,73.58,93,1.45,45
muzhi,RU,"(64.40092828389677, 63.92557393248899)",64.40092828389677,63.92557393248899,55.63,55.63,64,11.18,99
paita,PE,"(-7.747064119700525, -86.62208681832007)",-7.747064119700525,-86.62208681832007,61.74,61.74,84,9.57,1
ossora,RU,"(60.40924055943265, 162.2143395707203)",60.40924055943265,162.2143395707203,49.93,49.93,92,23.85,100
mackay,AU,"(-18.42052385533586, 152.43234486804903)",-18.42052385533586,152.43234486804903,72.45,73.4,78,26.4,75
auka,HN,"(14.937060624558484, -83.99081397112946)",14.937060624558484,-83.99081397112946,76.3,76.3,94,1.01,83
carutapera,BR,"(1.2215697442677538, -44.76088601062534)",1.2215697442677538,-44.76088601062534,77.04,77.04,87,6.29,64
harer,ET,"(8.721216582230184, 42.22729392149006)",8.721216582230184,42.22729392149006,62.58,62.58,79,8.37,90
nemuro,JP,"(38.34103046693767, 149.64789592956845)",38.34103046693767,149.64789592956845,80.6,80.6,78,6.93,40
manaus,BR,"(-1.1576338562637432, -60.7488601533924)",-1.1576338562637432,-60.7488601533924,78.84,80.6,69,3.36,1
puerto escondido,MX,"(5.557054179821662, -102.04079247566055)",5.557054179821662,-102.04079247566055,73.6,73.99,78,11.41,0
hwange,ZW,"(-19.28851056755292, 27.466790145482605)",-19.28851056755292,27.466790145482605,57.96,57.96,54,3.6,0
waterloo,US,"(42.241091190895474, -92.29185957235087)",42.241091190895474,-92.29185957235087,59.67,61,77,3.36,75
lae,PG,"(-6.7596599139474876, 146.89558367257274)",-6.7596599139474876,146.89558367257274,91.4,91.4,49,5.82,40
qui nhon,VN,"(14.837704329329611, 113.12586341708851)",14.837704329329611,113.12586341708851,77,77,73,11.41,40
montalban,PH,"(14.797365959575245, 121.22862271938033)",14.797365959575245,121.22862271938033,52.29,53.01,81,2.24,0
dunmore east,IE,"(51.95041363253378, -6.891520364693719)",51.95041363253378,-6.891520364693719,63.54,69.8,68,3.36,1
sangar,RU,"(67.29758737350818, 126.81031061618114)",67.29758737350818,126.81031061618114,59.77,59.77,39,2.44,4
haines junction,CA,"(59.337372002801686, -139.68029047895698)",59.337372002801686,-139.68029047895698,55.4,55.4,87,5.82,90
buraydah,SA,"(27.335094735010742, 44.29645226576375)",27.335094735010742,44.29645226576375,80.6,80.6,26,2.24,0
quchan,IR,"(37.098529992523765, 58.42962615358371)",37.098529992523765,58.42962615358371,68.97,68.97,23,4.43,0
guadix,ES,"(37.514615503635156, -3.295876791336809)",37.514615503635156,-3.295876791336809,59.34,62.01,82,1.79,53
cascais,PT,"(36.90504898819033, -13.688768649645482)",36.90504898819033,-13.688768649645482,72.03,73,28,8.99,0
polyarnyy,RU,"(69.66148093245423, 34.53949475538343)",69.66148093245423,34.53949475538343,46.4,46.4,100,4.47,58
stornoway,GB,"(59.07402293953254, -10.791731320306155)",59.07402293953254,-10.791731320306155,55.24,55.4,87,10.29,100
kautokeino,NO,"(68.70473021415776, 24.018484888084743)",68.70473021415776,24.018484888084743,44.78,44.78,86,20.31,98
salinas,EC,"(-1.9794629014511713, -82.73027557629648)",-1.9794629014511713,-82.73027557629648,74.71,78.01,49,13.87,1
margate,ZA,"(-38.86573634546284, 41.0025692521767)",-38.86573634546284,41.0025692521767,61.63,62.01,79,4,82
praia da vitoria,PT,"(43.51119475217817, -25.599823650845764)",43.51119475217817,-25.599823650845764,78.8,78.8,94,10.29,75
palembang,ID,"(-3.3791184119544795, 105.97048426953046)",-3.3791184119544795,105.97048426953046,89.6,89.6,59,11.41,40
yavatmal,IN,"(20.371210616936494, 77.86073025499564)",20.371210616936494,77.86073025499564,86.49,86.49,67,0.16,90
padang,ID,"(-0.9373839233222441, 98.48075741537787)",-0.9373839233222441,98.48075741537787,84.81,84.81,70,5.5,5
ayagoz,KZ,"(47.6076430052, 80.19601274988696)",47.6076430052,80.19601274988696,60.03,60.03,33,17.27,65
arroyo,US,"(15.87188520269902, -65.81433292846414)",15.87188520269902,-65.81433292846414,49.12,50,87,13.87,16
aswan,EG,"(24.019919101210036, 32.3360218754147)",24.019919101210036,32.3360218754147,91.9,91.9,22,14.81,0
kisangani,CD,"(-1.1890833136240389, 25.287108281122073)",-1.1890833136240389,25.287108281122073,70.61,70.61,95,1.34,17
mao,TD,"(14.098736983356261, 15.80686653939486)",14.098736983356261,15.80686653939486,66.2,66.2,82,6.93,20
terrace bay,CA,"(48.53261896233187, -86.98591540723321)",48.53261896233187,-86.98591540723321,59,59,72,10.29,5
shubarkuduk,KZ,"(48.34887608348012, 55.60573433861896)",48.34887608348012,55.60573433861896,67.77,67.77,38,4.88,0
tsaratanana,MG,"(-16.380731457295894, 47.22518887206746)",-16.380731457295894,47.22518887206746,72.07,72.07,50,11.56,2
piedras negras,MX,"(18.80359701179013, -96.28003958368754)",18.80359701179013,-96.28003958368754,76.08,76.08,75,4.72,100
palana,RU,"(59.853695335457274, 161.11164007183203)",59.853695335457274,161.11164007183203,46.6,46.6,98,3.67,100
ust-omchug,RU,"(61.37240020393071, 149.8736063693558)",61.37240020393071,149.8736063693558,42.94,42.94,75,12.62,99
vaitape,PF,"(-18.292283881985583, -156.05327417907856)",-18.292283881985583,-156.05327417907856,78.87,78.87,75,12.1,1
shache,CN,"(37.72983245713789, 78.34547140598465)",37.72983245713789,78.34547140598465,83.73,83.73,15,5.44,0
ayorou,NE,"(15.054288121388169, 1.3156066567452172)",15.054288121388169,1.3156066567452172,78.96,78.96,74,10.67,58
ketchikan,US,"(58.580956443602304, -129.87791778837146)",58.580956443602304,-129.87791778837146,59.72,59.72,60,5.53,0
zhangjiakou,CN,"(42.173361309224305, 115.67797658578968)",42.173361309224305,115.67797658578968,75.13,75.13,38,12.8,18
zhangye,CN,"(41.50996482968958, 100.86222102214452)",41.50996482968958,100.86222102214452,76.17,76.17,31,19.19,98
jacareacanga,BR,"(-7.700846005116489, -57.33897636179043)",-7.700846005116489,-57.33897636179043,74.86,74.86,51,1.97,2
yanam,IN,"(12.650585447449203, 85.89234047689968)",12.650585447449203,85.89234047689968,86,86,79,6.93,40
san patricio,MX,"(13.004910014438337, -110.59269527007552)",13.004910014438337,-110.59269527007552,73.58,73.58,93,1.45,45
chase,CA,"(52.19931704951122, -119.89077440812832)",52.19931704951122,-119.89077440812832,48.99,48.99,69,1.61,0
surt,LY,"(31.531133269485963, 16.572748205257994)",31.531133269485963,16.572748205257994,74.98,74.98,61,1.97,1
mocuba,MZ,"(-16.46556799878448, 38.40790017970906)",-16.46556799878448,38.40790017970906,66.85,66.85,75,2.51,2
jalapa,MX,"(16.632660735183237, -95.30676623671263)",16.632660735183237,-95.30676623671263,61.88,61.88,94,2.08,100
lebanon,US,"(37.29383317446934, -92.39175770628535)",37.29383317446934,-92.39175770628535,64.76,68,82,4.41,1
saint-joseph,RE,"(-26.13968138892192, 53.8286563487527)",-26.13968138892192,53.8286563487527,71.11,75.2,73,4.7,31
jardim,BR,"(2.960424861964839, -34.63167123603705)",2.960424861964839,-34.63167123603705,64.74,64.74,82,5.91,39
zalantun,CN,"(47.650491788717375, 121.53797170101342)",47.650491788717375,121.53797170101342,64.08,64.08,75,21.34,100
marovoay,MG,"(-16.234962271287046, 47.13733458160823)",-16.234962271287046,47.13733458160823,73.4,73.4,56,10.29,20
gat,LY,"(25.643396468829096, 5.510528911607423)",25.643396468829096,5.510528911607423,77,80.01,83,1.52,19
mga,RU,"(59.741079881266586, 31.066889697603585)",59.741079881266586,31.066889697603585,49.64,52,99,3.53,98
corinto,NI,"(10.871652326151036, -88.50674036119811)",10.871652326151036,-88.50674036119811,73.92,75,50,1.01,0
klimovo,RU,"(52.51938133230988, 32.14587182472934)",52.51938133230988,32.14587182472934,53.94,53.94,89,11.54,100
kologriv,RU,"(59.39480078012929, 44.65953859515557)",59.39480078012929,44.65953859515557,61.02,61.02,89,8.25,65
bonthe,SL,"(5.672985160600106, -14.62979752667465)",5.672985160600106,-14.62979752667465,75.7,75.7,89,6.26,98
semiluki,RU,"(51.54200631047701, 39.21808393599156)",51.54200631047701,39.21808393599156,57.2,57.2,44,6.71,38
shenjiamen,CN,"(31.141273330372286, 123.66439500520084)",31.141273330372286,123.66439500520084,81.16,81.16,73,17.49,3
inhambane,MZ,"(-21.901677992210708, 35.76183624972302)",-21.901677992210708,35.76183624972302,55.2,55.4,93,2.24,20
